"","baseMean","log2FoldChange","lfcSE","stat","pvalue","padj"
"A2ML1",88.6316553376644,3.45572839288291,0.339981222854101,10.1644683899672,2.85676149485086e-24,1.76894663742293e-23
"AADACL3",2.09902050793267,-4.22710031545479,0.487562410137381,-8.66986508304385,4.32632706345026e-18,1.91881690937477e-17
"AADAC",60.4543620334174,-4.25873587001837,0.354744818757804,-12.0050685586643,3.34186848419193e-33,3.22521989052884e-32
"ABCA10",184.695843785025,-3.7133074245786,0.190925755677691,-19.4489602065379,2.97400601691178e-84,2.52307553195439e-82
"ABCA8",1249.17222629862,-3.51378054732675,0.226911635720033,-15.4852373972665,4.3644851744441e-54,1.05202736508453e-52
"ABCA9",684.213187145759,-3.35366846517729,0.188062711510062,-17.8327135573489,3.93833867381535e-71,1.90228465578059e-69
"ABCB5",61.2671565034412,-3.51102549547048,0.225227482586428,-15.5887969583071,8.67519147642036e-55,2.16901638778208e-53
"ABCC13",51.544184974686,6.75735509014534,0.485027696184365,13.9318953191835,4.05451467669274e-44,6.32784790579436e-43
"ABCD2",240.058993921919,-3.98750250839166,0.227925539143174,-17.4947595753492,1.57073913086845e-68,6.91403840931273e-67
"ACACB",4022.87089930306,-3.6992349632167,0.186575901889737,-19.8269708239324,1.74221046766547e-87,1.73800815095955e-85
"ACADL",122.588662717827,-4.03519392467499,0.255432847881846,-15.7974745931719,3.23831885450586e-56,8.53746426290176e-55
"ACSM2A",2.27957614063267,-4.08220799895461,0.337990009082081,-12.0778954680972,1.38212037170183e-33,1.36032987699676e-32
"ACSM5",212.278422708631,-3.91702523975424,0.203074661616058,-19.2885966598824,6.69664565261526e-83,5.36055683450476e-81
"ACTL8",12.7674695228342,6.14330878348421,0.468617760657904,13.1094237121091,2.90799669718319e-39,3.68643361637807e-38
"ACVR1C",911.754019034158,-4.51686083050917,0.246804744814903,-18.3013532981171,8.0718741549487e-75,4.64472016591425e-73
"ADH1A",169.192346561541,-4.48011422415411,0.301948281911421,-14.8373562379414,8.40018061978093e-50,1.68274859398477e-48
"ADH1B",18334.1550339772,-4.48622578162439,0.303791072045855,-14.7674707864596,2.3745799340745e-49,4.63768498047396e-48
"ADH4",16.8575387086783,-4.2597246285764,0.275347157455221,-15.4703780781508,5.49831735762699e-54,1.3135089793455e-52
"ADIPOQ",18269.4813816766,-4.69649632582948,0.318558685772959,-14.7429548638229,3.41509323323971e-49,6.58857442820941e-48
"ADRA1A",32.9263734309182,-4.62230890348604,0.241093980542566,-19.1722285769385,6.31448933836958e-82,4.80288284847942e-80
"AIM1L",19.5242042857432,4.19152335566923,0.238873306616252,17.5470562828641,6.26438178384657e-69,2.80723492489666e-67
"ALAS2",7.95152224496535,-3.99302310568883,0.407999293444645,-9.78683828586231,1.2824335673527e-22,7.24086211009265e-22
"ALDH1L1",733.535386915334,-4.90136920733184,0.270452770112409,-18.1228286376755,2.10489847759781e-73,1.1263192608429e-71
"ANGPT4",13.3520065483001,-3.97374567245119,0.219195986194009,-18.1287337485005,1.89062726182254e-73,1.01439817301895e-71
"ANGPTL5",21.4882648914317,-4.26247827477648,0.314646434779091,-13.5468824802325,8.26671237761717e-42,1.16225760708538e-40
"ANGPTL7",102.149974460152,-4.97017426993945,0.272322069611401,-18.2510887826015,2.02826356314847e-74,1.14715351155622e-72
"ANLN",588.744522192082,3.61352307931248,0.159404981230554,22.6688215852307,9.09974249710354e-114,3.61296176104999e-111
"AOC3",7081.23398410821,-3.67624022914708,0.186002287960957,-19.7644892944475,6.02045351304569e-87,5.77381850922623e-85
"APOB",184.446650708982,-4.6577503516017,0.289976242479943,-16.0625239908192,4.67148807156548e-58,1.33821617888482e-56
"AQP7P1",194.366277911955,-4.89329855948875,0.293411838986023,-16.6772362574021,1.91893712088357e-62,6.67158313901589e-61
"AQP7P3",19.0529362468968,-4.85803448898857,0.339203597894341,-14.3218837274886,1.59734077821211e-46,2.73601459267186e-45
"AQP7",1065.06017791281,-4.9376194575344,0.271573411418423,-18.1815275352079,7.22917636914964e-74,3.96446434476129e-72
"AQPEP",203.512838043666,-4.98829752049352,0.253106194863406,-19.7083185703359,1.82945337077492e-86,1.72944325317256e-84
"ASCL1",26.1161234008255,5.57454055169446,0.523986813748677,10.6387038861024,1.96848466074708e-26,1.36256476586998e-25
"ASPA",68.2694914844741,-3.56751758257593,0.182689910213975,-19.5277209255699,6.38249331502566e-85,5.63134476843953e-83
"ASPM",414.623803815403,3.71379462080274,0.180512807187458,20.5735796737462,4.73395321548747e-94,6.18279205485903e-92
"ATOH8",300.547673425912,-3.67168158674953,0.161393848787804,-22.7498235795649,1.44079131795322e-114,5.96042701830714e-112
"ATP1A2",1226.12080751927,-4.22516726614828,0.271942978642388,-15.5369603114647,1.95016422355732e-54,4.8152562395597e-53
"ATP1A3",55.7424045521863,4.26698203959524,0.260290957134724,16.3931243965064,2.14148890736851e-60,6.7911881452204e-59
"B3GALT1",12.7042422510441,-3.64180202604252,0.215421526626268,-16.9054693979615,4.10046627589221e-64,1.49362305521123e-62
"BMP3",44.126752366828,-3.68830928606394,0.303067169495983,-12.1699400571754,4.49412424476079e-34,4.54494928716206e-33
"BMPR1B",2384.54820988304,4.48810994253752,0.282429133763758,15.8911011860825,7.30332485138133e-57,1.9752807213845e-55
"BRSK2",20.3250183717818,3.82773946635794,0.288791203927914,13.2543492124968,4.25794513089939e-40,5.59422413888912e-39
"BTNL9",1065.66695879613,-3.9832468682483,0.178499714342058,-22.3151442170671,2.63392311752145e-110,8.5719084801698e-108
"BUB1",328.721217121678,3.64221921686284,0.161059820680658,22.6140771886519,3.15050277146388e-113,1.13715965489274e-110
"C12orf39",82.3109798942363,-5.76221408343118,0.39022068757908,-14.7665520225999,2.40716476218516e-49,4.68960106564276e-48
"C13orf36",10.1126285821201,-3.39734233293052,0.305302573516278,-11.1277880621906,9.18873718326909e-29,7.20153219748354e-28
"C14orf180",307.361740065508,-5.22710499664385,0.319294213943219,-16.3708102695948,3.09071601701302e-60,9.70836936230103e-59
"C14orf53",3.18346308782553,4.80367796725735,0.738108443429308,6.50809242194697,7.61110891393999e-11,2.19743650610147e-10
"C17orf93",2.15192386879393,4.42778418467439,0.577601165795182,7.66581587240856,1.77697963156745e-14,6.39880276544113e-14
"C1orf230",4.78353799537013,4.03211375473868,0.396501181354147,10.1692351608337,2.72036318031146e-24,1.68553838500447e-23
"C2orf40",357.787448776496,-3.57934579435562,0.221821111018432,-16.1361818896408,1.42061884253502e-58,4.17191202100668e-57
"C2orf54",181.918430913726,3.45163782088261,0.298655261424021,11.5572644005159,6.78355055996267e-31,5.90644937352539e-30
"C3orf50",1.36253145378334,-3.33120481080241,0.278146500930023,-11.9764397526629,4.72168871050719e-33,4.5326385048834e-32
"C6orf126",9.88933463515086,3.4540542828052,0.284592148350049,12.136857263387,6.73639985473599e-34,6.73029742910009e-33
"CA3",381.158080084175,-4.12052024980824,0.24793286381051,-16.6195000794952,5.03507284234148e-62,1.7115798983932e-60
"CA4",225.649227618434,-5.28990309214187,0.305406584279665,-17.3208547701049,3.27457395444233e-67,1.3714523658985e-65
"CA9",67.7559391484996,5.88759630681175,0.443898835607948,13.2633740720412,3.77520309883093e-40,4.96655612445272e-39
"CAMP",9.62495586089286,3.99317749169607,0.319197800145663,12.5100407642967,6.57904575236478e-36,7.21188383633052e-35
"CAPN9",121.589616348013,3.66315417999998,0.264697335947804,13.8390292704809,1.48194335893049e-43,2.25437084762361e-42
"CAPSL",11.2393386317457,4.15810000692691,0.332210781648992,12.5164511106093,6.06885243075623e-36,6.66734136443678e-35
"CASP14",49.8334783722128,6.71800608131318,0.621289482468357,10.8130046795945,2.98722340716435e-27,2.14863619851546e-26
"CBLN2",96.9687075157031,5.32290118729969,0.366258226276555,14.5331921726735,7.46586150144445e-48,1.35106912057133e-46
"CCL11",15.4084532759371,4.75722153619955,0.222929773060233,21.3395522316088,4.87593556133799e-101,9.48990909447861e-99
"CCL24",2.11450847012025,-3.33495372035068,0.390649958060009,-8.53693607676874,1.37827753356195e-17,5.96502411080703e-17
"CCL7",7.54252488591177,4.30749005855255,0.506623025383581,8.50235745856835,1.85778708182879e-17,7.98285479404009e-17
"CD177",51.163303490272,4.0857864412892,0.341342103844789,11.9697699031791,5.11703349549663e-33,4.9003062688181e-32
"CD300LG",920.371826298103,-4.7208976817751,0.240965652379737,-19.5915792775953,1.82442313446594e-85,1.63884380386506e-83
"CD36",17373.7769479858,-3.42905857915477,0.226939503871953,-15.1100117901446,1.39114851659455e-51,3.00185655993859e-50
"CDC20B",28.3957137962358,6.49563661271836,0.474403747870695,13.6922118382775,1.13015882595392e-42,1.66460822427693e-41
"CDC20",409.203222383415,3.44112855445095,0.169183859745723,20.3395794351946,5.74207076437712e-92,6.70538757731851e-90
"CDC25C",62.5292102179455,3.79557540410924,0.177175746038789,21.4226579482176,8.21642310541904e-102,1.69908782800811e-99
"CDH20",17.8144734513093,-3.79265872959887,0.260053181437528,-14.5841658565134,3.54225082753038e-48,6.52396213211387e-47
"CDO1",609.16977382238,-3.59168360435966,0.190827743868379,-18.8216007355669,5.02434696796389e-79,3.34709181234964e-77
"CEACAM5",1054.60072041262,5.69098245121628,0.363481852725284,15.6568544166563,2.98290090734933e-55,7.63099855833749e-54
"CEACAM6",2867.82308293373,4.46493195451456,0.312369336434614,14.2937588096108,2.39334862233714e-46,4.0505334058514e-45
"CELF3",1.93764439347465,3.80474725432987,0.501484439180606,7.58696971843551,3.27473579270601e-14,1.16110117801035e-13
"CENPA",86.7753052445732,3.40908191710384,0.166887574660686,20.4274160256397,9.54196411822591e-93,1.1693029115742e-90
"CENPF",1523.90109869339,3.36197702098644,0.145807911092848,23.0575762027452,1.23477379014395e-117,6.8090914672049e-115
"CEP55",280.971120530973,3.56722803138524,0.156416575779332,22.8059463238588,4.00268610498705e-115,1.72742009904789e-112
"CES1",2124.93916130071,-3.8418522690208,0.217129006821695,-17.6938693049691,4.67520225036224e-70,2.16850736154653e-68
"CFD",2993.68706394327,-3.32462477957077,0.222180673999885,-14.9636092091992,1.2695017813263e-50,2.65006828211248e-49
"CGA",18.2012169511589,6.07609793252117,0.588294214960659,10.3283319434435,5.24649721961368e-25,3.37612521243989e-24
"CHRDL1",3931.25632237877,-4.14191247123294,0.227693128142306,-18.190766252042,6.10802492328197e-74,3.36823641047204e-72
"CHRNA6",6.47633757922149,3.91268799380704,0.241410237366175,16.2076307802648,4.45411314490386e-59,1.33771640170396e-57
"CHRNA9",2.29276414592607,3.60139971118279,0.452909595042199,7.9516966533845,1.83974291438453e-15,7.05750267369308e-15
"CIB3",3.9511702798235,3.99662365534303,0.325094446508934,12.2937309396123,9.78819150590316e-35,1.02056290848314e-33
"CIDEA",887.503834515629,-4.83789368629096,0.326759503264551,-14.8056709535824,1.34636819908257e-49,2.67281014881872e-48
"CIDEC",3262.04897213588,-4.96696791982274,0.308433802643073,-16.1038377676478,2.39760770433329e-58,6.97907744082471e-57
"CILP2",201.524042250623,3.60709353052547,0.157589313385826,22.8892013869888,5.95210204525622e-116,2.88197877566894e-113
"CKAP2L",123.648989954545,3.57041971167313,0.164634284828018,21.6869755616389,2.72311632590384e-104,6.35991827080505e-102
"CLCA4",40.0408450295559,-4.13921231692281,0.270341386506557,-15.3110567731087,6.45072454163233e-53,1.46857550000556e-51
"CLDN19",93.4448198613232,-3.65971477185072,0.251625651717534,-14.5442833306955,6.3492301899198e-48,1.15109513908939e-46
"CLEC3A",2169.9961049035,5.67501049614736,0.550086285575716,10.3165824070817,5.92963445206082e-25,3.80216741415734e-24
"CLEC3B",1541.79403821692,-3.95546953184659,0.177352819356227,-22.3028286001009,3.46867680425863e-110,1.11064793416359e-107
"CLEC4GP1",6.99932326466358,-3.97629489834665,0.25645454122633,-15.5048722449311,3.21555628509682e-54,7.84216503338356e-53
"CLEC4G",14.7673569361728,-3.83906003837551,0.277970085027348,-13.8110546607841,2.1860741161783e-43,3.31282010338715e-42
"CLEC5A",89.5229590036495,3.47276810583297,0.165772672116817,20.9489782693843,1.91700051212881e-97,3.22510967515094e-95
"CNGA2",1.71215457450363,4.0072798212585,0.644018482285919,6.22230561929654,4.89901549188795e-10,1.34646622656735e-09
"CNIH2",44.1863236384967,3.53293498991958,0.179925171074772,19.6355794401406,7.6799759904018e-86,7.09129690053286e-84
"CNN1",2182.77873887775,-3.42186459129073,0.159137708688654,-21.5025377673713,1.47403081751324e-102,3.18070215100791e-100
"CNTNAP2",516.475760630673,4.25786202488326,0.285392081603874,14.9193418435246,2.46694622344909e-50,5.08027141368375e-49
"COL10A1",2036.28558502946,7.53773491258663,0.192904530910088,39.0749500648065,0,0
"COL11A1",2925.45452505601,6.99740489283231,0.214514025143994,32.6198013772537,2.14890251734336e-233,1.42200042581001e-229
"COMP",1486.00440089703,4.63954061426837,0.222139843891052,20.8856751359914,7.22759780308755e-97,1.14785817269515e-94
"CPA1",19.857446318208,-5.02092779186927,0.243291705266878,-20.6374803709875,1.26486599795666e-94,1.71987121859149e-92
"CPA2",4.15926840392887,-3.35074277414194,0.311550110406915,-10.755068485662,5.60923376017285e-27,3.98121232059176e-26
"CPLX2",8.16226706345064,4.96374069317084,0.787657188599741,6.30190489595499,2.94009561909265e-10,8.1906789545646e-10
"CRHBP",73.5173456363568,-4.03013118177636,0.225844285109429,-17.8447339494273,3.17612168725131e-71,1.5530139836284e-69
"CSAG1",1.87230657171607,4.3421214536662,0.927799821413993,4.68001971270988,2.86847335209543e-06,5.99231116340087e-06
"CSAG2",1.2849033042682,3.73705733649362,0.978957021969219,3.81738651710813,0.00013487279003808,0.000245079599801919
"CSAG3",7.86298078930994,5.35229895918291,0.552146415207175,9.69362258229031,3.20938810767715e-22,1.77770013151805e-21
"CSF3",28.9960496906408,-5.22937360969381,0.367766236190761,-14.2192868596597,6.95581553778592e-46,1.15553849419352e-44
"CSMD3",3.84178365306987,3.41991670647436,0.580709728617934,5.88920167501519,3.88065643758958e-09,1.00612239256926e-08
"CSN1S1",49.3190307347021,-6.52311300213155,0.492765104804897,-13.2377738166226,5.30995237073673e-40,6.94879198838929e-39
"CSN2",11.1820287995989,-7.90225696926534,0.773430984465614,-10.2171455863321,1.66161739954776e-24,1.0389426335692e-23
"CSN3",45.4014299094268,-5.04750528804294,0.536871712983955,-9.40169721363918,5.36899262953314e-21,2.78435845562936e-20
"CST1",250.141677417591,7.11813436017685,0.376753784061065,18.893332094637,1.29413305914082e-79,8.92053107293875e-78
"CST2",21.0541356317658,4.71790847065626,0.311778474258563,15.1322456814117,9.92498624655349e-52,2.15334237121945e-50
"CST4",27.1304999710032,7.16312982906945,0.394230190719352,18.1699169614556,8.93334281773008e-74,4.85875949637199e-72
"CST5",25.6338152980449,5.90609333237516,0.628827055799171,9.39223794190782,5.87387053645727e-21,3.04084196426938e-20
"CXADRP3",33.661894029568,3.40554058526922,0.303998950603133,11.2024748062868,3.96499719044864e-29,3.17391629938655e-28
"CXCL10",669.759279007704,3.70888995364204,0.212267209493266,17.4727409028275,2.31119922479961e-68,1.01284607087686e-66
"CXCL11",214.790135569184,4.09679872006238,0.227909607460255,17.9755419954238,3.02889248181094e-72,1.56180710516651e-70
"CXCL2",281.578118614515,-3.90054535028837,0.204865320319185,-19.0395589854409,8.02000720050772e-81,5.87502520090329e-79
"CXorf30",2.12652825889407,3.57176840181347,0.375346573055727,9.51592117315849,1.80109999502058e-21,9.57820442034518e-21
"CXorf61",6.09297811148486,3.96812089855368,0.77203629044667,5.13981136334651,2.75014420658746e-07,6.22884914879342e-07
"CYP1A1",46.7173133714238,-4.26583797406094,0.427271755533383,-9.9838988157214,1.79280607214028e-23,1.06272875915583e-22
"CYP2B6",4.89634888572479,3.56657516127325,0.384069224711066,9.28628208614311,1.59771890285295e-20,8.08511742529617e-20
"CYP2B7P1",1296.32647323763,3.73092667605921,0.321431640007376,11.6072166261342,3.7874430938704e-31,3.32838956615827e-30
"CYP3A4",3.20981242256023,-3.50309351836348,0.277765532819761,-12.6116926128361,1.82040879782994e-36,2.054505710888e-35
"DACT2",50.930985424426,-3.34902495976775,0.212881242047745,-15.7318931792808,9.14357809216869e-56,2.36969076091035e-54
"DCT",11.4590452515806,-3.75409966808208,0.288599337803888,-13.0079982048784,1.10190897229876e-38,1.36633959513273e-37
"DEFB132",174.321205012147,-4.51861534532931,0.286966227712452,-15.7461572441796,7.29836386645084e-56,1.89642826540291e-54
"DEPDC1",201.002743521231,3.58250685020228,0.173478103825678,20.6510606883403,9.5499962343906e-95,1.32325266442837e-92
"DES",337.001841154727,-4.15359879521544,0.265248725258586,-15.6592601572964,2.87218954698411e-55,7.35725250151335e-54
"DGAT2",4666.02348851932,-3.39070976298772,0.210102288608749,-16.138376147353,1.37101080641241e-58,4.03219355983692e-57
"DIO1",156.782766862989,3.80760649818567,0.29509101066446,12.903159908572,4.32012115526829e-38,5.22945397404793e-37
"DLGAP5",209.667689938903,3.5385297394592,0.174832001350509,20.2395997993813,4.38717091597312e-91,5.03434202450279e-89
"DLK1",134.39597476004,-3.97786750618381,0.401653869448191,-9.90372011515481,4.01072314511084e-23,2.32334041075986e-22
"DLK2",56.6989648047388,-3.34876960540949,0.196623727267423,-17.0313606193362,4.80733451252226e-65,1.82476490903617e-63
"DPP6",31.0727323424085,-4.14291723110542,0.18064590924217,-22.9339111441019,2.13278851253768e-116,1.11421361976047e-113
"DPT",4864.13774100532,-3.39246425964117,0.187744088768065,-18.0696195651312,5.52936616494068e-73,2.91938768900006e-71
"DQX1",19.3270458579512,4.50458176979667,0.30424486632612,14.8057774127508,1.34423813886325e-49,2.6712528060774e-48
"DUSP13",4.30240248291689,3.69444424538685,0.359412301228604,10.2791257638035,8.75178229875529e-25,5.55436004459367e-24
"E2F8",77.3146618119326,3.59612328278662,0.180533786236033,19.9193921412858,2.76324818404087e-88,2.87204203924499e-86
"EDN3",142.643790533791,-3.52731304662101,0.319099404754634,-11.0539631038587,2.09746435923144e-28,1.61578822116657e-27
"EIF4E1B",1.6119750744683,3.62140658985207,0.611883785815257,5.91845489912272,3.24980091965215e-09,8.4676529540536e-09
"ELANE",4.04360246392785,-3.64986845976399,0.267802896982138,-13.628935687008,2.69481721977939e-42,3.88507708402762e-41
"EMX1",19.4165741252385,4.20731549405611,0.337405643330756,12.4696061764791,1.09365210771589e-35,1.18835148562538e-34
"ENTHD1",5.33347158681056,3.54571939464747,0.294785600909736,12.0281295412837,2.52823670453846e-33,2.45071069621569e-32
"EPB42",25.6151938172069,-5.20043749802335,0.323843085427585,-16.0585102231131,4.98378112343789e-58,1.42356867428042e-56
"EPHA8",9.13789844533827,3.40486660885446,0.361672833556328,9.41421719561964,4.76620579739317e-21,2.47563363395733e-20
"EPO",7.23167078683829,3.72338339138856,0.342299190665978,10.8775699531873,1.47441196909413e-27,1.08207121665275e-26
"EPR1",233.594435612636,3.41950331803006,0.189581472531523,18.0371176168678,9.96054997056324e-73,5.21733081835412e-71
"EPYC",55.1288888498452,6.90897013982705,0.328162866238668,21.0534793866722,2.12493517748204e-98,3.63657009856668e-96
"EXO1",169.579947274904,3.73365675888854,0.172756556489155,21.612243464247,1.37788523582264e-103,3.10838382972171e-101
"FABP4",17800.9841635049,-4.81045400007986,0.270170274295561,-17.8052674840805,6.43242120741161e-71,3.09192314308802e-69
"FABP6",7.6601256315509,5.28663493204462,0.541494583014099,9.76304306243997,1.62213345256765e-22,9.10192009620491e-22
"FAM180B",38.8265706368955,-4.10438248557899,0.273451982456521,-15.0095181198095,6.36081272935575e-51,1.3404973917534e-49
"FAM196A",90.3862534568679,3.44775825016908,0.269449280896502,12.7955741381006,1.7356497073477e-37,2.04244919918593e-36
"FAM196B",135.365322046231,-3.56520877066217,0.239245941471063,-14.9018568454729,3.20545862184108e-50,6.56705516623211e-49
"FAM25A",4.22915124293227,4.70151575038266,0.555337698812298,8.46604824494682,2.53859049234012e-17,1.08007069125452e-16
"FAM83D",261.572103736888,3.69975969118203,0.169348396223552,21.8470311717513,8.29533798209558e-106,2.11126986693028e-103
"FBN2",145.693446013187,3.41423739463815,0.214679611439899,15.9038735524914,5.95650550885902e-57,1.61762718689288e-55
"FBXO40",2.78711765637484,-3.81992872834685,0.371826013068753,-10.2734305672167,9.28432015268877e-25,5.88105691356661e-24
"FEZF2",2.34788794763371,-3.50808316857411,0.441862180584481,-7.93931529494951,2.03300384761925e-15,7.77184524993981e-15
"FGF5",2.86130046889619,3.86138410283054,0.374763143189242,10.3035321722677,6.7920597489276e-25,4.34254332160099e-24
"FGFBP2",131.484985019797,-4.14463665403004,0.253829280241804,-16.3284418963871,6.19462640406843e-60,1.91550970986864e-58
"FHL1",13807.1246722282,-4.89185683178512,0.210000671349406,-23.2944818716598,5.04262115211872e-120,3.22922951973744e-117
"FIGF",360.68221053793,-4.83108693065103,0.202267559795623,-23.8846354577694,4.42399970941762e-126,4.39126211156793e-123
"FMO9P",1.68338939500046,3.71394845789228,0.45742110273258,8.11932032804256,4.68801654841886e-16,1.86319328366789e-15
"FOSB",7180.68045159538,-3.55937966842302,0.215612894314815,-16.5081948356298,3.20322354186141e-61,1.05456706058097e-59
"FOXJ1",52.2905671216625,3.96186476352143,0.287799575139695,13.7660549415279,4.07886386970335e-43,6.12508362642593e-42
"FOXM1",627.359669001808,3.55224405013564,0.163961953634679,21.6650507717804,4.38428336132596e-104,1.0120557359191e-101
"FRMD1",45.1567173877085,-4.92600377047844,0.268297827390734,-18.3602074544737,2.73560121292108e-75,1.592585198795e-73
"FXYD1",298.521572580121,-4.15438598807487,0.200575774919537,-20.7123018208028,2.68323655091781e-95,3.9457490376904e-93
"G0S2",2172.10336068519,-4.32014051366398,0.229327314590651,-18.8383164097806,3.66437305158138e-79,2.4659367396608e-77
"GABRA3",5.56591221151908,5.05610978698896,0.572353875101546,8.83388757714258,1.01099260935714e-18,4.62980975339282e-18
"GABRA4",3.74820352236496,-3.7600387445395,0.350062924759202,-10.7410367639644,6.53068370508909e-27,4.62200117338427e-26
"GABRD",42.7348806315575,3.52068556522815,0.170102540365703,20.6974308417678,3.65333442193135e-95,5.33279374589567e-93
"GABRQ",3.34425456804263,4.51522878772796,0.566873868756713,7.96513834308664,1.65039033214403e-15,6.34460667577912e-15
"GAL3ST2",6.09685338224721,4.47922124436195,0.370722879175603,12.0823976505649,1.30847723571166e-33,1.28912605872694e-32
"GATA4",8.09436908940203,4.33851562570008,0.496818340612305,8.73259956617757,2.48884991681841e-18,1.11809569017151e-17
"GATA5",9.45931465131792,4.04630514770263,0.436745817984078,9.26466832900536,1.95684549475377e-20,9.84525063318576e-20
"GBX2",1.18817929718805,3.33766025233806,0.39669266350456,8.41371812337461,3.9721459006267e-17,1.67812386506153e-16
"GDF10",171.266143905605,-3.52771014612368,0.214867706097538,-16.4180565343882,1.42043938393189e-60,4.5335309726392e-59
"GFAP",66.4254328110098,-3.36160619764976,0.225875121657112,-14.8825872145088,4.27637344279997e-50,8.68931070485824e-49
"GJB2",626.062116169631,4.60764220900924,0.182119173093218,25.3001489670218,3.18219557921717e-141,7.01921629317992e-138
"GLP2R",7.1300998472878,-4.51651627958606,0.356921013472473,-12.6541058360364,1.06177556105453e-36,1.21419173030267e-35
"GLRA4",6.34718946749955,-3.58749371576267,0.277822045486764,-12.9129195254363,3.80592343415594e-38,4.62677232179203e-37
"GLYAT",263.063835669057,-5.48297621051146,0.305870079935658,-17.9258337777426,7.41307968465523e-72,3.74464269465078e-70
"GNAT3",1.70359385891274,3.612917935159,1.02349160930006,3.52999272522593,0.000415571093510416,0.000722979348730941
"GNG13",5.71357032029487,5.55096630690176,0.417085860466126,13.3089294868402,2.05403679707699e-40,2.72571781387517e-39
"GPAM",6538.62716574469,-4.17091498657194,0.187570584235944,-22.2365090110578,1.52359019788075e-109,4.65327886281978e-107
"GPD1",7812.45799504488,-5.01501912113584,0.27593364095131,-18.1747289089001,8.18319926353456e-74,4.46299098295847e-72
"GPIHBP1",419.435681689155,-3.65120966183376,0.179319146119172,-20.3615159945455,3.67049348276636e-92,4.33729979880225e-90
"GPR112",2.63756676039449,-3.36860568197055,0.344754165745664,-9.77103692042311,1.49909826266899e-22,8.42823526210842e-22
"GPR115",16.0029471516277,4.57971472902592,0.353197525903655,12.966440569788,1.89633912982668e-38,2.33247363106067e-37
"GPR139",3.06947474323501,4.1114157141893,0.541093825147129,7.59834158719399,2.99949732157234e-14,1.0665595706225e-13
"GPR144",28.5256886574727,-4.68720658175028,0.399082698455652,-11.7449506077025,7.4966286628101e-32,6.79867849310672e-31
"GPX3",10684.6257094678,-3.64586466632958,0.196078525917687,-18.5939008326699,3.60017092680396e-77,2.23345603871601e-75
"GRIA2",209.09049332051,3.36272802584344,0.376331697020186,8.93554290661589,4.05183727995905e-19,1.89130199110621e-18
"GRIA4",142.840888683184,-3.73453042379714,0.264624300533415,-14.1125755127903,3.17757491224803e-45,5.16212906366186e-44
"GRM4",82.2439091684776,5.79672157323931,0.289980456428132,19.9900422416087,6.72388576651281e-89,7.10013724663895e-87
"GYG2",2980.8263857075,-3.87143932571932,0.210336632063415,-18.4059204891715,1.17766469098315e-75,6.97880580459626e-74
"GYS2",32.5080244476801,-5.60438688993857,0.365523056794028,-15.3325126439196,4.63697194992135e-53,1.06419846415998e-51
"HAPLN1",52.5924524021122,5.13802277322075,0.286423497257874,17.9385519079633,5.89719674931647e-72,2.98650892518956e-70
"HBA1",736.690539461669,-4.67955996340074,0.369669231768486,-12.6587759035662,1.00047172410093e-36,1.14474724304621e-35
"HBA2",2083.18359074747,-4.64760437935299,0.259675972363242,-17.8977066574792,1.22878768615656e-71,6.129118880799e-70
"HBB",3163.73987162621,-4.71703949761138,0.266952475939681,-17.6699597222586,7.14478923278677e-70,3.2985664150996e-68
"HBG1",5.61013294789966,-4.30478406131955,0.408439552961976,-10.5395866538917,5.67477648304627e-26,3.83052236455065e-25
"HBG2",4.83825936887335,-4.36148532731541,0.472719694822748,-9.22636686197473,2.79967022405181e-20,1.39610784445809e-19
"HCN2",20.199337182386,4.46567608638349,0.252628703807174,17.6768356844836,6.32477899446984e-70,2.92679516545956e-68
"HEPACAM",141.543325362672,-4.91080027978473,0.281890710994268,-17.4209368675671,5.72322952133085e-68,2.45925438219611e-66
"HEPN1",108.023890758246,-4.69139927548577,0.280051456128005,-16.7519188807268,5.48288460625137e-63,1.94021791806243e-61
"HHATL",7.72883414955229,-4.9105728110868,0.340916204349508,-14.4040463563664,4.88007239807821e-47,8.51311047861588e-46
"HIF3A",171.418550024753,-3.43093538329809,0.236644741961503,-14.4982531826387,1.24272317503922e-47,2.22057069944902e-46
"HIST1H2AM",8.50458131580203,3.6647523990575,0.234177874034891,15.6494391887403,3.35160008148231e-55,8.53025189969062e-54
"HIST1H2BO",3.99522740801783,4.36862671189598,0.300888408834232,14.519092738806,9.1716100638537e-48,1.64922828793137e-46
"HIST1H3G",4.28063742639511,3.67393970799949,0.356569005585652,10.303586824562,6.78820076957731e-25,4.34147428085208e-24
"HIST1H3H",19.25780681943,3.86520888147285,0.226482803445847,17.0662355934544,2.64728509871799e-65,1.01982735032863e-63
"HIST2H3C",3.58328610156855,3.44475495730139,0.280901313018479,12.2632212725712,1.42711757014571e-34,1.47711876968366e-33
"HJURP",176.917133968743,3.58498704780821,0.163770883420821,21.8902589576703,3.21681596677873e-106,8.40266191743308e-104
"HORMAD1",16.1595050819905,4.14493595018444,0.515070425920696,8.04731885503873,8.46274941224897e-16,3.30518397269263e-15
"HOXB13",51.4435949079529,5.46046664928604,0.521894383404581,10.4627810202989,1.28041363840342e-25,8.47010048303386e-25
"HOXC12",2.53043954851632,3.75847254211803,0.515606424869146,7.2894214672982,3.11288820580745e-13,1.04210888131011e-12
"HPD",20.3046880971268,-3.84676136224352,0.315623963218492,-12.1877988065836,3.61042035779807e-34,3.66619258020498e-33
"HPSE2",33.2603910055213,-3.33720248584917,0.227742773020078,-14.6533847884383,1.28168383026626e-48,2.40264281382868e-47
"HS3ST4",48.8537575801927,-4.10919339499403,0.28714317979468,-14.3106076833595,1.87864540170115e-46,3.20678147158824e-45
"HSD17B13",106.304770218911,-5.20259767041373,0.246392273806113,-21.1151006890244,5.77868046412502e-99,1.01520676613991e-96
"HSD17B6",70.3496350989024,3.40507719782691,0.137236622062957,24.8117240619989,6.699425082708e-136,1.10830822284933e-132
"HSPB6",4469.11815907118,-4.45290920793997,0.213392619468543,-20.8672128353361,1.06356786586097e-96,1.67571025976762e-94
"HSPB7",1431.06175191253,-5.12277918013557,0.234796879314292,-21.8179185136374,1.56837157945377e-105,3.94117880953371e-103
"HTR1D",12.0094914059592,3.53907297272851,0.212815311005257,16.6297854980984,4.24109841624181e-62,1.44912712150142e-60
"IBSP",40.7899641018885,7.83222368296436,0.33814933690326,23.1620258513328,1.09983408213052e-118,6.61633521165308e-116
"IGFBP6",998.745022451702,-3.61370820714359,0.154288475571096,-23.4217636396207,2.56515418118036e-121,1.75598071740664e-118
"IGFL2",16.218620466986,3.80442093364098,0.280234844338051,13.5758311662759,5.57081517390635e-42,7.89377750409628e-41
"IGFL3",2.36911244959436,4.45554059738036,0.472602101864823,9.42767833617204,4.19266061751399e-21,2.18286647204007e-20
"IL17B",34.2900117963237,-3.4890797835914,0.242549906850415,-14.3849974172251,6.42805045863228e-47,1.11449482711588e-45
"IL19",4.61594592266759,4.69617210006088,0.517342198291238,9.07749670444856,1.11100591484287e-19,5.35852512669113e-19
"IL20",60.8395310788267,3.70301936709372,0.318147726759279,11.6393079555006,2.60117609306424e-31,2.30015803115863e-30
"INHBA",287.303409241752,3.76355215104011,0.140939503745738,26.7033163237878,4.30738774719014e-157,2.13775653893047e-153
"INSM1",23.5361971455091,3.36250912560512,0.362939185983149,9.26466266379196,1.95694937530481e-20,9.84525063318576e-20
"IQGAP3",436.430709542369,3.94338764397266,0.17635598059663,22.3603851178269,9.56835825742226e-111,3.21950929027706e-108
"ITGA7",1838.34412233199,-3.59197020291548,0.194749498484041,-18.4440536734416,5.82091484332048e-76,3.4806265502891e-74
"ITIH2",71.0950710788941,-3.66308929191824,0.368376020443144,-9.94388637868356,2.68156425834353e-23,1.57219177958168e-22
"ITIH5",3582.79291236648,-3.95805678554545,0.169502184651137,-23.3510664991827,1.34419888585325e-120,8.89501209398627e-118
"ITLN1",2.70534047323619,-3.7470713764597,0.525844672887062,-7.12581408476962,1.03467299947078e-12,3.36230616884823e-12
"ITPKA",12.0129214138677,3.51441213486452,0.257203659110181,13.6639274379803,1.66742496993545e-42,2.42681235360399e-41
"KCNA2",7.90987022187939,-3.34003557738254,0.248620187637689,-13.4342895044787,3.80704696573387e-41,5.22304743356937e-40
"KCNA4",5.11384989414054,-4.04704191054253,0.330743009972007,-12.23621297661,1.99107972733366e-34,2.05015117982509e-33
"KCNE1",111.443904660632,-3.57941887372191,0.191354084531706,-18.7057354039852,4.44557593962506e-78,2.8747092362683e-76
"KCNH1",91.0756254839953,3.40132019334509,0.21493096615754,15.8251751906795,2.08617651623949e-56,5.55157857914027e-55
"KCNIP2",1499.75781626886,-5.15995855387291,0.244250719542915,-21.1256636767709,4.62087051386273e-99,8.26428121091918e-97
"KCNJ16",88.7901438664895,-4.11461658404686,0.252429634395908,-16.3000536521538,9.86055357239092e-60,3.03021222165797e-58
"KCNJ3",365.983556800499,5.60687083151208,0.375209754726568,14.9432970781851,1.72238075835878e-50,3.57664255386386e-49
"KIAA0101",201.892595847128,3.42911675408606,0.150154972378924,22.8371841422107,1.95953298894828e-115,8.84105656740938e-113
"KIAA0408",215.761279240704,-4.27462783183483,0.31913272654221,-13.3945141827046,6.51006220094309e-41,8.84584221855731e-40
"KIAA1199",277.377608802366,4.299924672665,0.192864609512532,22.2950425354507,4.12778906313663e-110,1.30071219811728e-107
"KIAA1239",36.7448073736235,-3.56098347967653,0.322939704382537,-11.0267750646677,2.83862254487622e-28,2.16906600311327e-27
"KIF14",151.061190382856,3.82459588245232,0.185514980800754,20.616102623863,1.96787072904898e-94,2.63960606169462e-92
"KIF18B",118.310990471387,3.51617438051977,0.185118030500761,18.9942296328899,1.90360292462028e-80,1.36921468331746e-78
"KIF1A",152.345192197793,4.31942227689916,0.362639605953804,11.9110604743195,1.03650548278304e-32,9.79843183057568e-32
"KIF20A",347.406304888753,3.54357733431285,0.172100278811106,20.590189387213,3.36052826430184e-94,4.44754714019467e-92
"KIF2C",321.801383260895,3.53651060346018,0.162123852030345,21.813635434706,1.72231975719861e-105,4.27393647748834e-103
"KIF4A",338.251310492062,4.22572060704765,0.174452805654666,24.2227150844027,1.28240170219952e-129,1.49754344659205e-126
"KISS1R",6.46472332271787,3.84264391226735,0.34870816389939,11.0196557181152,3.07231896080152e-28,2.34583369268584e-27
"KLB",528.098236202419,-4.31360750070041,0.220637559013639,-19.5506491278476,4.07305387945553e-85,3.62593119349557e-83
"KLF15",245.398892033588,-3.43495911509076,0.190218475427664,-18.057967857055,6.82906917292506e-73,3.59603928967927e-71
"KLHL1",4.79917472352965,5.29577822142531,1.07744496524142,4.9151264261917,8.87251842369422e-07,1.93175296937023e-06
"KLHL31",350.294471709521,-3.73285032734497,0.209253755574411,-17.838868970825,3.52764083456854e-71,1.71224268576662e-69
"KLK3",29.1317912788381,-4.28527480272875,0.403394551049726,-10.6230359125513,2.3286228670366e-26,1.60300729103363e-25
"KLKP1",3.32245782811334,3.60142001115811,0.288056008656801,12.502499176988,7.23407418358086e-36,7.92117157707928e-35
"KREMEN2",32.0735682902749,3.97738486443059,0.244822596132375,16.2459876141499,2.38469867446781e-59,7.19468663913906e-58
"KRT37",3.09291279322836,4.0661427282432,0.381253870010224,10.6651841413024,1.48105384450233e-26,1.02983821089528e-25
"KY",89.2108045540549,-3.44116327425302,0.232965698910952,-14.7711156206234,2.24958185215863e-49,4.40421093974882e-48
"LALBA",31.204545601432,-3.34665128171391,0.66285588455168,-5.04883694889034,4.44507911248878e-07,9.92506023407123e-07
"LEP",3882.17672310791,-6.00072651732312,0.315199384724543,-19.0378750979074,8.28201537862454e-81,6.04465328295788e-79
"LGALS12",656.689782969365,-4.14699379544991,0.283046662029683,-14.651272570086,1.32215960818423e-48,2.47618042845974e-47
"LGALS9B",5.17816090868334,5.08348706385729,0.535767372897867,9.48823560561676,2.34977698371391e-21,1.24030238449052e-20
"LHCGR",12.1552678212764,-4.92166971832034,0.352093856716295,-13.9782890966088,2.11511744953007e-44,3.34309805796743e-43
"LHFPL5",3.84543578643491,3.49810029463022,0.355363380886616,9.84372752730631,7.29565603379802e-23,4.16906630923887e-22
"LHX1",2.21423945189326,4.21338636513281,0.825843621443651,5.10191791245832,3.36228591832713e-07,7.56266712560959e-07
"LHX2",5.44498016689563,4.1721743530354,0.319183919268787,13.0713801703838,4.79868980928887e-39,6.03315960063348e-38
"LIN28A",4.82356632664084,3.87847731404115,0.734397107492771,5.28117182716344,1.28360235898957e-07,2.97548739265073e-07
"LIPE",4550.13012078847,-4.47699706981195,0.225741484830263,-19.832407291811,1.5637369573074e-87,1.56784374123568e-85
"LOC100133920",1.47885973438194,-3.76566175655979,0.496209208218479,-7.58885908240095,3.22734508656683e-14,1.14491162720737e-13
"LOC152225",10.6971573013594,3.43741715164527,0.332498177803859,10.3381533527471,4.73575046535839e-25,3.05141571691966e-24
"LOC283392",207.17557185834,-4.82882938723781,0.321892122875084,-15.0013903543446,7.18973213562387e-51,1.51357966443696e-49
"LOC283867",10.0509495213802,5.06354420512435,0.267804619816584,18.9076058829467,9.87388882342376e-80,6.85372171058071e-78
"LOC388387",1.18178599799922,-3.46253352990336,0.259172365604655,-13.3599642146461,1.03613947009204e-40,1.39359354744358e-39
"LOC55908",32.6022547366273,-4.9654335547206,0.314738705960534,-15.7763677002066,4.52489170473038e-56,1.18350658922671e-54
"LOC572558",8.31686733667493,-3.93135760785637,0.227734081078735,-17.2629304723924,8.94537165017026e-67,3.68430535268008e-65
"LOC642597",1.35803756022506,-3.63457608185054,0.355474429749586,-10.2245781346662,1.53896562773493e-24,9.64075280586738e-24
"LOC645323",7.9500206885267,4.1865967093477,0.487790117301133,8.58278296516437,9.26049770879194e-18,4.04309215999423e-17
"LOC647309",1.89223388314764,-3.5745118439468,0.361403913345771,-9.89062849611955,4.57148745857212e-23,2.64355284088476e-22
"LOC728264",1112.23382190758,-3.77843243305759,0.152826545078645,-24.7236658468801,5.95350131438788e-135,9.09145446870986e-132
"LOC729467",3.31914038908605,-4.8388939892861,0.393978712200728,-12.2821204279198,1.12997270112156e-34,1.17384709904057e-33
"LOC84740",30.6812884705981,3.38121215036532,0.272965264234866,12.3869685758113,3.07446913174127e-35,3.27789265323995e-34
"LPL",12307.5261332627,-4.38313957286752,0.223290443031999,-19.6297679083354,8.61071041279757e-86,7.87741120344964e-84
"LPPR5",4.07255644489773,4.0320258387585,0.350926606179192,11.4896555797187,1.4870361197064e-30,1.26698030250693e-29
"LRRC15",2173.40057327315,4.19024921935594,0.176178111685973,23.7841646686781,4.87110470701465e-125,4.60481764969785e-122
"LRRC3B",18.2065002424315,-4.10884283907368,0.183955308945375,-22.3360927315982,1.64847609413859e-110,5.45425790347322e-108
"LRRN4CL",262.232173216288,-3.34214255108692,0.165369696140745,-20.2101269403219,7.97426393650447e-91,9.04600500957067e-89
"LRTM2",14.971761656788,5.51155071465489,0.439281529717485,12.546739031344,4.14219769741156e-36,4.60161772182509e-35
"LST-3TM12",13.4464954352427,-6.48438477767039,0.610004812539901,-10.6300551149279,2.15984800792896e-26,1.48879523102103e-25
"LYVE1",1116.54122831932,-4.72592820516067,0.206560022506089,-22.8792006692455,7.48602716421516e-116,3.5383955062857e-113
"MAGEA1",5.02041323874447,5.25388714144002,0.653944283381965,8.03415103541972,9.42290628284039e-16,3.67295377040934e-15
"MAGEA2",4.12386892259797,4.82763634565721,0.878554230284042,5.49497820310581,3.90758675351544e-08,9.43945147612419e-08
"MAGEA3",20.993292758249,6.56741385208608,0.905604368619081,7.25196794500943,4.10759113566172e-13,1.36818622861001e-12
"MAGEA4",3.08536625689368,3.4488465832953,0.627715243740743,5.49428521560602,3.92296044720646e-08,9.47543628153579e-08
"MAGEA6",22.3161548140294,6.66024248840847,0.906247082212037,7.34925675253116,1.99312010576382e-13,6.75442477630988e-13
"MAGEB2",1.89180820876879,3.44881773697045,0.697201410071592,4.94665915350962,7.54980033162492e-07,1.65155521965199e-06
"MAGEC2",1.67308063799116,3.47065193697138,0.834576815267476,4.15857698594115,3.20236306414444e-05,6.1459117893847e-05
"MAP1LC3C",55.6354020055806,-3.52701103939635,0.202730281735938,-17.3975540762597,8.6101729567371e-68,3.69177437445237e-66
"MARCH4",6.92408159410588,4.21189247007017,0.30861695404643,13.6476380018854,2.08528575563878e-42,3.01288885159687e-41
"MASP1",88.8071259004245,-3.93049052711312,0.22176950352694,-17.7233139119854,2.77097047805728e-70,1.2943366101269e-68
"MELK",223.399371807293,3.79369886484359,0.177420457388041,21.3825334501663,1.94290628609152e-101,3.89601773651402e-99
"MESTIT1",17.0891933962578,-3.89148956074299,0.189915872279513,-20.4905967786389,2.61172346129505e-93,3.28151481984996e-91
"MLXIPL",337.26146361194,-3.90798810123208,0.229278835602915,-17.0446962143522,3.82727527734836e-65,1.46395122940115e-63
"MMP10",72.6708687118459,4.50360352792796,0.287692825518736,15.6542086852794,3.10956940548458e-55,7.94480976031916e-54
"MMP11",5290.06888211755,6.4985403521768,0.167630947513498,38.7669487560078,0,0
"MMP13",498.759185539268,6.86472231378856,0.312938674793878,21.9363180927065,1.16998591141754e-106,3.13872436668393e-104
"MMP1",406.896912561418,6.92334538931053,0.31806031899071,21.7673974901369,4.72720375786331e-105,1.14444450001344e-102
"MRAP",249.653582882115,-5.07176854268108,0.342434726005861,-14.810906013645,1.24550129521721e-49,2.47752421970461e-48
"MS4A15",36.0576471318779,4.55246440003157,0.44398856141677,10.2535623564369,1.14060620747163e-24,7.18835378753231e-24
"MS4A8B",12.3507349533585,4.15672372661056,0.398380517793083,10.4340537274203,1.73332089472946e-25,1.14166842741106e-24
"MSLN",116.833359542865,3.58874342349863,0.401056359812223,8.9482271897618,3.61236957223261e-19,1.69253624611663e-18
"MSMB",99.3742410537904,3.4241648759339,0.32257227751482,10.6151864701906,2.53288195391714e-26,1.73928649426368e-25
"MUC21",1.50704078815599,3.3963995523923,0.511536468667395,6.63960393916833,3.1452714415878e-11,9.29580596373396e-11
"MUC2",10.8684761657303,4.85669032303339,0.53958734752846,9.00074908219976,2.24182782013525e-19,1.06115321614986e-18
"MYBL2",606.741654847446,3.80796621954134,0.197427116181914,19.2879594920112,6.77967714404383e-83,5.40522693427944e-81
"MYEOV",205.095859565142,-3.37180075644419,0.219338681241982,-15.372576954287,2.50023443838868e-53,5.79167492075754e-52
"MYH11",8097.35634813246,-3.42903780465832,0.169007137826496,-20.2893075923137,1.59830255111183e-91,1.84473850259722e-89
"MYH1",31.0404758317695,-5.17571965139976,0.305119803573385,-16.962909620368,1.54500688262783e-64,5.73298628671545e-63
"MYOC",341.409619237393,-6.80208622111408,0.356502757528934,-19.0800381693037,3.69988583411937e-81,2.7612832172533e-79
"MYOM1",353.871913610523,-3.78359075219559,0.173479234960267,-21.8100497910437,1.86273395960256e-105,4.56530797111482e-103
"MYT1",28.0843652258288,5.1757203772627,0.327939564327844,15.7825433105976,4.10316073152283e-56,1.0760362858942e-54
"NAT1",2465.28800953737,3.87000322336731,0.235550031488189,16.4296442624817,1.17345305408512e-60,3.78171916066522e-59
"NBPF6",25.9175179608936,3.54816269903581,0.405987180119841,8.73959295460622,2.33951820878451e-18,1.05339341076866e-17
"NCRNA00052",17.2628189468712,7.04572552855274,0.62390246066764,11.2929920504129,1.42114963249418e-29,1.15720518885457e-28
"NDC80",185.616427643317,3.43586316345,0.160560974086137,21.3991175813791,1.36160580346448e-101,2.75822432758948e-99
"NDST4",3.52423438486683,4.31994792227715,0.781390593307876,5.52853842786798,3.22909699300099e-08,7.85011431607343e-08
"NEIL3",36.9643198824613,3.66529379105857,0.181605517545183,20.1827226430312,1.3888185198555e-90,1.55767374328652e-88
"NEK2",308.044213061789,4.41175165686224,0.175568410492539,25.1283909473551,2.43499567822799e-139,4.83395342041821e-136
"NELL2",723.358792908294,3.74951405904058,0.237966615015245,15.7564709604344,6.19997959758552e-56,1.61313230630757e-54
"NEURL",134.656805229361,3.50847853727883,0.243669610228365,14.3985067895447,5.28735396113847e-47,9.19129166694579e-46
"NKAIN1",596.700714011045,4.3391767407624,0.270294996733663,16.0534852409349,5.40422227570534e-58,1.53923415519803e-56
"NKX2-2",6.88261344400206,4.86224361824426,0.658388421433913,7.38506854001884,1.52374874195569e-13,5.19571625305812e-13
"NMUR1",72.7265880759509,-3.92883032844056,0.196245638238044,-20.0199625516005,3.68998389845408e-89,3.98117175826687e-87
"NMU",11.433309890605,5.09139623251484,0.447945039981914,11.3661181128837,6.16697150032411e-30,5.12245682947424e-29
"NNAT",240.219631054023,-3.42967485832388,0.248811680659788,-13.7842196525067,3.17177695752945e-43,4.77739879824542e-42
"NPR1",1284.20628599273,-3.5371050404131,0.163060854683143,-21.6919324217105,2.44498201656524e-104,5.77830749914917e-102
"NPY2R",155.602276255345,-4.52680727784202,0.384825092155142,-11.7632851134796,6.03399572946932e-32,5.4948111569461e-31
"NUF2",197.204605264789,3.99433479743773,0.169290503132647,23.5945591957275,4.38311136371535e-123,3.34667410740297e-120
"NXNL1",2.71742632446405,-3.7208065527569,0.303080532378877,-12.2766266891256,1.20936423283155e-34,1.25435207681149e-33
"NXPH1",52.6193752186216,3.72603564617867,0.447560563350314,8.32520992977263,8.4179425013325e-17,3.48951753051687e-16
"OR2B6",2.1157817143835,4.14551898903931,0.331093533331066,12.5206884813849,5.75339094637443e-36,6.3418277105733e-35
"ORM1",39.4649657791173,4.50187091369291,0.40513283297007,11.1120860797414,1.09569467523137e-28,8.55693575637023e-28
"ORM2",21.6947179825826,3.85235199548001,0.443256327251189,8.69102539239542,3.59182743414785e-18,1.60235861174614e-17
"OVCH2",10.6720094033725,-3.95824948353423,0.28379211809456,-13.9477076041109,3.24880729109629e-44,5.10247803345281e-43
"OXTR",2638.84648990094,-4.45927201560403,0.210584887773114,-21.1756506497678,1.60155151104966e-99,2.94388894419981e-97
"P2RX6",17.8150445898789,-3.39228896487585,0.233758124939704,-14.5119617371626,1.01767917566307e-47,1.82666971024079e-46
"PAK7",46.7092585952318,-3.43372178727246,0.249564156672658,-13.7588740027933,4.50488475000995e-43,6.74441719888367e-42
"PAMR1",764.613519875319,-3.52146041307188,0.144874888704349,-24.306906770146,1.65692982565178e-130,2.19289139325594e-127
"PAPPA2",25.7116195006393,-3.6645391243793,0.215854796743192,-16.9768713953533,1.21808682467744e-64,4.53685922016822e-63
"PAX7",11.3171457822936,4.28554785060715,0.627728808670921,6.82706893711133,8.66670559197262e-12,2.66004080723316e-11
"PBK",177.982001269564,3.57999013331675,0.175818885330746,20.3618065635109,3.64878942344917e-92,4.33729979880225e-90
"PCK1",932.608190791597,-4.93078220131528,0.323381604178546,-15.2475655312567,1.70886656433182e-52,3.82031745890938e-51
"PCOLCE2",1420.62314232312,-4.64623634606774,0.263493584024829,-17.6332048587184,1.36977816600726e-69,6.25122670151174e-68
"PDE1C",109.904870648795,-3.32781483541945,0.182951035620002,-18.189647432942,6.23398739287442e-74,3.42817500618678e-72
"PDE3B",1096.05817149931,-3.53427439562742,0.22603469105625,-15.6359821543849,4.14041384830123e-55,1.05109329560711e-53
"PDK4",6770.53498817314,-3.44667238060526,0.192031819942419,-17.9484440736892,4.93537734102888e-72,2.50580846481088e-70
"PENK",90.3898744017674,-3.73446393956631,0.27470533299956,-13.5944355312982,4.32081310383601e-42,6.17543425034935e-41
"PFKFB1",138.093482284319,-3.66340491684882,0.248095498796171,-14.7661079488531,2.42307343991924e-49,4.71596607149771e-48
"PGA3",15.3972463674588,-5.00804368493161,0.311840994936791,-16.0596065502764,4.89647292029512e-58,1.40064525091785e-56
"PGA4",1.50292329845043,-3.88172984201534,0.574081160837806,-6.76163948029647,1.36438874546707e-11,4.13335043110213e-11
"PGA5",1.63965113495136,-3.79708262882936,0.40859760087637,-9.29296359226115,1.50050960682881e-20,7.60482938850282e-20
"PI16",1328.04900829207,-3.77287319478736,0.270313951073766,-13.9573750440937,2.83691344977771e-44,4.46971474642755e-43
"PITX1",322.143523029938,3.69193752897349,0.230232684133316,16.0356794817007,7.19918503601081e-58,2.04168887621267e-56
"PKD1L2",90.97202695707,-3.36701507594744,0.216690681441948,-15.5383473508965,1.90841623704183e-54,4.71804223384239e-53
"PKHD1L1",72.1067478689235,-3.69143682595101,0.245163514135253,-15.0570399472839,3.10375766722984e-51,6.60405114789355e-50
"PKMYT1",182.238669840996,3.9209465598847,0.188428833635517,20.8086336057734,3.6150187384366e-96,5.65081511775144e-94
"PLAC1",13.862293593742,4.91103550854816,0.278417188785627,17.6391246889915,1.23356970113541e-69,5.64258656841941e-68
"PLAC9",416.08179633963,-3.53801059721699,0.185484080639783,-19.0744703535391,4.115708007161e-81,3.05029778961575e-79
"PLIN1",12120.4005347565,-4.99022934526806,0.272726532665232,-18.2975572508506,8.6543104038134e-75,4.95116340451019e-73
"PLIN4",21924.8429882048,-5.2807249043912,0.262188522510721,-20.1409461170264,3.23104878988194e-90,3.57832817914329e-88
"PLK1",331.35869677418,3.53246640121192,0.155956506874633,22.6503303517276,1.38469158196414e-113,5.28632640099078e-111
"POTEC",1.64983036758339,3.98346866473404,0.757088289750076,5.26156423057215,1.42834973458601e-07,3.29908073659121e-07
"PPAPDC1A",91.1860623317783,5.48112785255148,0.237238218819681,23.1038990252981,4.23045030060121e-118,2.47008527551574e-115
"PPBP",3.49368928124868,-3.32343997945599,0.424690818154713,-7.82555175997535,5.05435182573447e-15,1.88394653481939e-14
"PPP1R1A",1811.38744868124,-3.61993191645596,0.261327620121561,-13.8520831237513,1.23575635771141e-43,1.88709501640668e-42
"PPP2R2C",296.790657332129,3.82873568835628,0.216810891143394,17.6593328322425,8.62531393869291e-70,3.9636512109012e-68
"PRAME",364.917294659972,5.57708138507048,0.397599318219088,14.026888703057,1.06732316974948e-44,1.70874996498925e-43
"PRG4",959.400967950926,-3.5021716678,0.303554480887558,-11.5372095893958,8.56590631381022e-31,7.40315072449981e-30
"PROK1",15.3465713154052,-3.50883452268243,0.297221897519798,-11.8054374592259,3.65883114678565e-32,3.37680687707991e-31
"PROL1",262.932573307868,-3.91199591380769,0.43328467488344,-9.02869669890834,1.73728451501257e-19,8.28056955390866e-19
"PRRT4",103.969242452406,-3.6825909384862,0.238884177817896,-15.4158009631491,1.28171796647138e-53,2.99349000828116e-52
"PSAPL1",3.51905967235181,5.00626057949609,0.975625780259279,5.131332813044,2.87697697596998e-07,6.49994429004004e-07
"PVALB",86.1069638986161,4.66327390848046,0.37764889749548,12.3481729707321,4.98302324861973e-35,5.25906313299303e-34
"PYDC1",59.7535263375278,4.868576174298,0.423706477892613,11.490445457697,1.4735014085985e-30,1.25636198316217e-29
"PYGM",107.40750113999,-3.91632625694446,0.193983137731109,-20.1890035533558,1.22306274427675e-90,1.37955918178308e-88
"RAD21L1",1.7857454778023,3.74166166376419,0.682961618966553,5.47858263166534,4.28746353722828e-08,1.03181871913027e-07
"RBP4",2677.60426604115,-4.32013092869886,0.282572479263088,-15.2885763679648,9.11203040778229e-53,2.06262289230666e-51
"RDH16",42.8217101570991,3.4661738519628,0.217317919620735,15.9497838835012,2.8588450616265e-57,7.90442787791216e-56
"RDH5",549.569571923346,-4.50822079296218,0.217156983478169,-20.7601925609516,9.91685367760616e-96,1.48022089629953e-93
"RDM1",8.66647763163746,3.37732525109438,0.223951705037063,15.0805962854154,2.17297582869225e-51,4.65349688793943e-50
"RERGL",123.884084480222,-3.38341759590047,0.203347497199161,-16.6385996508563,3.66079326421758e-62,1.25300117036633e-60
"RHOXF1",6.66525795605088,-3.76797701038673,0.244976475342199,-15.3809748675801,2.19615928285918e-53,5.09919930799069e-52
"RIMS4",453.15051267194,3.55803374155416,0.253838143386852,14.0169388811345,1.22798166452901e-44,1.96279323705555e-43
"RNF186",19.2348545315678,-3.88600473077493,0.262518514708601,-14.8027834725808,1.40544077575248e-49,2.78173582056213e-48
"RPE65",3.58314881635974,-3.76803313591929,0.338200120759041,-11.1414304863715,7.88426685995869e-29,6.19629713792161e-28
"RRM2",787.984670920517,3.706307792959,0.176647171767688,20.9814159823245,9.69629178335923e-98,1.6452203801987e-95
"RTBDN",13.25920245399,6.51286081643196,0.441716557061832,14.7444344394822,3.34106938757693e-49,6.45203399632074e-48
"RXRG",25.7532443936446,-3.67853676890117,0.256133669457677,-14.3617853001907,8.98815688045404e-47,1.54889661797547e-45
"S100A7A",37.513866156475,6.61918522170972,0.640802564422799,10.3295236149249,5.18172837986116e-25,3.33552761987691e-24
"S100A7",325.453763886189,6.68931929864332,0.491192036044908,13.6185418487358,3.10709507710203e-42,4.46001818298116e-41
"S100P",923.49313068917,5.43044275753821,0.308775638944225,17.5870181213328,3.09754075475264e-69,1.39438501277436e-67
"SAA2",2199.60895014867,-3.66288011803519,0.272704774163474,-13.4316684747127,3.9442351838343e-41,5.40379274461549e-40
"SCARA5",1083.7801873898,-4.90875046878707,0.257448657571271,-19.0669103311527,4.75587164691361e-81,3.50979791578175e-79
"SCN4A",275.091976695896,-3.55852165209335,0.205223950323635,-17.3396996134302,2.35966849521584e-67,9.92460571335272e-66
"SCT",4.5549137696453,5.00284942920984,0.29406813430028,17.012552009805,6.62863942342106e-65,2.49698090559921e-63
"SDPR",1729.72595843565,-3.65101548096118,0.17127305278821,-21.3169288543942,7.90807934003523e-101,1.48104897224886e-98
"SEL1L2",6.22129926899424,-3.67287689289818,0.377453337777811,-9.73067800783425,2.23100906738275e-22,1.24515018289802e-21
"SGCG",107.343121900686,-3.76959878603046,0.285750251924198,-13.1919351274288,9.76460942194944e-40,1.26202491044623e-38
"SGK2",125.793458180851,-3.46403350181896,0.234546700473994,-14.7690566305922,2.31936622293951e-49,4.53636041948721e-48
"SGOL1",63.3656047663601,3.59103679028714,0.173634314245478,20.6816078140537,5.0721884986935e-95,7.24410691194701e-93
"SIX3",26.9289661345065,3.48418504809116,0.320857444587091,10.8589814787527,1.80753935625776e-27,1.31826860030966e-26
"SKA1",92.3229812311322,3.38319257277984,0.15190976266305,22.2710674644663,7.050167640894e-110,2.18687387510981e-107
"SLC19A3",1660.52485527164,-4.32336690425209,0.276190326401177,-15.6535783153108,3.14053118617938e-55,8.01360219897597e-54
"SLC22A12",6.25024571384338,-5.14980435272381,0.382189770742717,-13.4744693525316,2.2106898870728e-41,3.06043344757107e-40
"SLC24A2",14.8868176243487,5.80215571649961,0.302128205322711,19.2042835269291,3.4079355666013e-82,2.62226111892128e-80
"SLC2A4",417.306970246145,-4.51588352475352,0.226330210099993,-19.9526325838623,1.42200226132281e-88,1.48576783640949e-86
"SLC30A8",570.202924673296,5.8832204145142,0.434702504433299,13.5339004365385,9.86474635434571e-42,1.38497131984774e-40
"SLC36A2",1.51451281831202,-3.34479597638296,0.349395498325282,-9.5730940793891,1.0375322099247e-21,5.5894408226391e-21
"SLC5A8",78.8580498206888,3.73587966857396,0.437012720608891,8.5486748838083,1.24509695649855e-17,5.40631338154181e-17
"SLC6A4",144.99677826919,4.47447852525452,0.328846392172533,13.6065915021714,3.6591532998325e-42,5.23731155791454e-41
"SLC7A10",236.901992077264,-4.93489765745951,0.296921467410328,-16.6202117364582,4.9756590886891e-62,1.69428446361331e-60
"SLCO1A2",41.2389139809512,-3.91816898701742,0.332585411083422,-11.7809406439497,4.89438026324258e-32,4.48169912296549e-31
"SMR3B",23.6467983270243,-3.34889529150295,0.471165805340956,-7.10767898166876,1.18010648770634e-12,3.82551828771166e-12
"SMYD1",213.84748296398,-4.4771495995769,0.30168839135738,-14.8403111549402,8.03822526776e-50,1.61349694656796e-48
"SORBS1",7622.85489594849,-3.47454311393845,0.167513858520253,-20.741824853365,1.45307231378922e-95,2.15271578905548e-93
"SPC24",13.2058285006195,3.52991806355423,0.205107982473551,17.2100472199292,2.23249668578775e-66,8.98976150228365e-65
"SPDYC",16.8973028159703,6.89867326902313,0.716105914686451,9.63359347764044,5.76764296721674e-22,3.14040724589102e-21
"SPINK4",1.22961267724118,3.48544795296175,0.658215373413985,5.2953001308427,1.18821092229707e-07,2.76113346944181e-07
"STAB2",49.9822793663051,-3.83176535809937,0.238402930867428,-16.0726436716088,3.96796676617128e-58,1.13997215979786e-56
"SULT1C3",16.0832337883614,-8.82452589720768,0.804172642584073,-10.9734221607584,5.12935184761205e-28,3.87031139790173e-27
"SYT13",967.544896184436,5.32902592521662,0.312339335835561,17.0616547895274,2.86328007555085e-65,1.09945524293685e-63
"SYT5",6.09207776987558,4.14245431991095,0.381848567653379,10.8484217850235,2.02898418879248e-27,1.4754356819014e-26
"TCL1B",1.86154057393117,3.45786104456424,0.548886009195664,6.2997798935181,2.98068605078984e-10,8.30026363869826e-10
"TDO2",43.125825890736,3.9691217237617,0.238224707959257,16.6612512940536,2.50723579394961e-62,8.64125780928604e-61
"TEX19",3.3140610001444,4.33702709048444,0.391510277721229,11.0776838751921,1.60983123933629e-28,1.24739928818517e-27
"TFR2",33.2021426972896,3.68811382239921,0.200129253990544,18.4286592232712,7.73770531096015e-76,4.61288065565108e-74
"TIMP4",1072.66357324589,-4.04951313905512,0.261419454151604,-15.4904811969606,4.02268342051508e-54,9.72695630500188e-53
"TLX1",11.2819422081841,5.13188875386034,0.492321372423394,10.4238593758366,1.92960614993698e-25,1.26842851948838e-24
"TLX3",2.01730169439949,4.36281819698237,1.10695870713267,3.94126553128913,8.10528398636758e-05,0.000150253149404584
"TMEM132C",582.271049911238,-4.45434294294997,0.251483649541504,-17.7122566459926,3.37274866542435e-70,1.5717325470893e-68
"TMEM145",26.5257720956152,4.0471037372478,0.27421841724435,14.7586868085579,2.70496444346851e-49,5.24916462675824e-48
"TMEM151A",5.07623168953592,3.91274622041867,0.355282525453901,11.0130556390856,3.30597382900574e-28,2.51842641801312e-27
"TMEM215",12.670387985327,4.7111695775195,0.363535465450239,12.9593121586768,2.08105196210106e-38,2.55491920541931e-37
"TNMD",143.417606923353,-4.81781074675619,0.244503218462101,-19.7044880515672,1.97327846798741e-86,1.85656512542588e-84
"TNNI3",9.35687059556017,4.26688962815686,0.407481380132228,10.4713732607175,1.16934176760701e-25,7.76380360218542e-25
"TNNT1",184.43870401014,4.24767582281298,0.287646724576865,14.7669883224341,2.39163584853828e-49,4.66392483940883e-48
"TNNT3",78.1632751600603,-3.7552697514083,0.26018994499658,-14.4328012039729,3.2174364336434e-47,5.65744447127447e-46
"TNXB",5362.69972648199,-3.90675693085091,0.190980329120154,-20.4563315439309,5.27618942740138e-93,6.50577096352623e-91
"TOP2A",2238.1481142527,3.75958271072452,0.191846623353213,19.5968146064404,1.64611171122644e-85,1.49217395850536e-83
"TPX2",925.387898296387,3.60256567069416,0.144449721696599,24.9399280828035,2.74639361253753e-137,4.95649145419045e-134
"TRDN",57.4322343489817,-4.6005133198398,0.324761724272355,-14.1658113502984,1.49134459250982e-45,2.44679114466983e-44
"TRHDE",70.1319747224562,-3.61194698554536,0.286540113915363,-12.6053798757553,1.97220070167041e-36,2.22076734711067e-35
"TROAP",133.271320661063,3.64109678467385,0.171840449988498,21.1888224508116,1.2108778074292e-99,2.24657441430696e-97
"TRPA1",65.5250590719035,5.6927539144931,0.32085385178972,17.7425138664815,1.96924559287551e-70,9.2858583158586e-69
"TRPM3",5.5431475469206,-3.59980864486355,0.220411875268725,-16.3321900894617,5.82550211790286e-60,1.80699793819699e-58
"TSLP",52.8391466860608,-3.49603789257195,0.144090603598578,-24.2627749850474,4.84773173431728e-130,6.01482314935416e-127
"TUBA3D",56.9946191663916,3.43534566658478,0.309152415561089,11.1121424050654,1.0950036377685e-28,8.55490445375061e-28
"TUSC5",2996.65047590173,-4.86575612928621,0.307878860900737,-15.8041254116988,2.91406338479706e-56,7.72362968157427e-55
"TYRP1",12.7899980465556,3.46010199844827,0.350802867371021,9.86338003557066,5.99950349865636e-23,3.44325364137976e-22
"UBE2C",368.57439376085,4.04350069252196,0.177737761877501,22.7498121378888,1.44116712108978e-114,5.96042701830714e-112
"UHRF1",257.295871894104,3.52064033311928,0.169381443231896,20.785277690067,5.8822944192228e-96,8.9827160623393e-94
"VGF",8.298273496217,4.34807489533061,0.336630158650019,12.9164746045559,3.63414479537183e-38,4.42065211260549e-37
"VIT",283.00910296647,-3.52273321243708,0.203879056485906,-17.2785438247336,6.82494366994252e-67,2.82857581911689e-65
"VSTM2A",76.516127001098,5.25922734259946,0.50525999657144,10.4089525754803,2.2569109635626e-25,1.47819849715093e-24
"WBSCR28",2.65995132944086,4.2021248446224,0.294269896135557,14.2798325612168,2.92302893835379e-46,4.92597372531404e-45
"WIF1",312.405427270852,-3.73449793908734,0.356030314288472,-10.4892695627639,9.67736109211138e-26,6.45330777294575e-25
"WISP1",230.220778832952,3.97947805523073,0.15076341063403,26.3955162495673,1.54259259187529e-153,6.12470962678163e-150
"WIT1",9.14858765112561,5.02521368401457,0.406125583248221,12.3735462410975,3.63414791061045e-35,3.86009118894803e-34
"WT1",84.1687312804493,5.30484037172564,0.361375539772121,14.6795778570703,8.71312025213874e-49,1.6426672672883e-47
"ZIC5",8.88064035806126,3.5575809740987,0.420502708850675,8.46030453364341,2.66680190708094e-17,1.13364778285591e-16
"ZNF716",1.76535815901467,3.43416505782455,0.883854838594446,3.88544012870455,0.000102144664776607,0.000187583338126291
